query_url,url,save_path
acura rdx 2014,https://static.life.ru/posts/2017/02/976997/c07771290a89b6414de8ea7771b4bb40.jpg,D://datasets/cars/classifications\test\99766a1c-8238-427f-bb86-231e89feeebd.jpg
acura rdx 2014,https://allroader.ru/wp-content/uploads/2013/12/Acura-RDX-2014-01.jpg,D://datasets/cars/classifications\test\a37891fc-b913-4240-a736-4d90733727e0.jpg
acura rdx 2014,https://allroader.ru/wp-content/uploads/2013/12/Acura-RDX-2014-04-1024x676.jpg,D://datasets/cars/classifications\test\7ccdace5-3d50-4476-a54d-2974fe79029a.jpg
acura rdx 2014,https://allroader.ru/wp-content/uploads/2013/12/Acura-RDX-2014-06.jpg,D://datasets/cars/classifications\test\074ae5e8-351d-4176-84f6-79bdc9732229.jpg
acura rdx 2014,https://auto-database.com/image/cars-acura-rdx-ii-2014-314996.jpg,D://datasets/cars/classifications\test\c89d65e2-bcfd-4934-a7d5-1a45d868832e.jpg
acura rdx 2014,https://avatars.mds.yandex.net/get-autoru-vos/2159790/5334b272ae10c7a7cb5aa088a47f275b/1200x900n,D://datasets/cars/classifications\test\de8da619-53a4-4144-9ccb-df8f4b1a3b03.jpg
acura rdx 2014,https://www.japanbullet.com/images/2013/04/2014acurardxgal1.jpg,D://datasets/cars/classifications\test\cc6f5c30-4ca7-4b2b-ae6d-526b85a672ff.jpg
acura rdx 2014,https://avatars.mds.yandex.net/get-autoru-vos/2175643/19e67d69db81604e20c60f6b2cc150bb/1200x900,D://datasets/cars/classifications\test\ec911cb2-876e-408a-afe7-bc12a9df6908.jpg
acura rdx 2014,https://auto-database.com/image/acura-rdx-ii-2014-images-314991.jpg,D://datasets/cars/classifications\test\63b4dfea-2a3f-4c74-985d-b91d4c47baa4.jpg
acura rdx 2014,https://assets.newcars.com/images/car-pictures/original/2013-Acura-RDX-SUV-Base-4dr-Front-wheel-Drive-Photo-16.png,D://datasets/cars/classifications\test\e38081c8-b10e-439c-a299-322217927016.jpg
acura rdx 2014,https://auto-database.com/image/acura-rdx-2012-models-315238.jpg,D://datasets/cars/classifications\test\675e2771-f0af-44f6-b947-c0ac75d11c5f.jpg
acura rdx 2014,https://s1.cdn.autoevolution.com/images/gallery/ACURA-RDX-4518_70.jpg,D://datasets/cars/classifications\test\33ca05ff-11aa-410b-82fc-22483ed576ef.jpg
acura rdx 2014,https://auto-database.com/image/acura-rdx-ii-2014-pictures-315002.jpg,D://datasets/cars/classifications\test\8aa4de4b-a34a-4a3c-83c4-cc9fb07f318a.jpg
acura rdx 2014,https://www.carpixel.net/w/d3de66d861ab062c95759c162d85f5c7/acura-rdx-car-wallpaper-62868.jpg,D://datasets/cars/classifications\test\5184850d-098b-4597-ac61-5e3872786e7f.jpg
acura rdx 2014,https://avatars.mds.yandex.net/get-autoru-vos/2126349/a7576b522a421a39e98898ce3ff51b74/1200x900n,D://datasets/cars/classifications\test\0f55a895-37ca-4959-ac12-d9abf24df2ef.jpg
acura rdx 2014,https://autotras.com/images/7/acura-rdx-concept.jpg,D://datasets/cars/classifications\test\31ad74b9-e066-41bc-b0d7-94ebdb0d016a.jpg
acura rdx 2014,https://www.carpixel.net/w/574bc048c1ee4a91e7e725d0799ce3ee/acura-rdx-car-wallpaper-62870.jpg,D://datasets/cars/classifications\test\93479f29-594e-4e99-afff-269ab168c3bf.jpg
acura rdx 2014,https://on-desktop.com/wps/Auto___Acura__Reliable_car_Acura_RDX_2014__066963_.jpg,D://datasets/cars/classifications\test\8148ef1a-a027-4fdb-a6cd-b014f456110d.jpg
acura rdx 2014,https://www.autosactual.mx/wp-content/uploads/2013/06/acura-rdx-2014-mexico-04.jpg,D://datasets/cars/classifications\test\2973ae1c-88bb-4d9e-8330-4d332d01cfc4.jpg
acura rdx 2014,https://img.favcars.com/acura/rdx/photos_acura_rdx_2012_6.jpg,D://datasets/cars/classifications\test\16965229-0268-4f3e-99dd-0bc2871802f5.jpg
acura rdx 2014,https://www.zastavki.com/pictures/originals/2014/Auto___Acura_Reliable_car_Acura_RDX_2014__066959_.jpg,D://datasets/cars/classifications\test\8f6d04b1-e420-4ddb-a8fc-e30705edc8ea.jpg
acura rdx 2014,https://avtoved.news/images/gallery/cars/acura/rdx/2014/smart_thumbs/Acura-RDX-2014-12_thumb_large1280_0.jpg,D://datasets/cars/classifications\test\6d1da14b-af23-419f-aa1f-fd66c4dc09a6.jpg
acura rdx 2014,https://foto.carexpert.ru/img/foto1680/acura/acurrdx066.jpg,D://datasets/cars/classifications\test\f2aa3f2e-a4d8-497c-a546-e46acea082a7.jpg
acura rdx 2014,https://www.autosactual.mx/wp-content/uploads/2013/06/acura-rdx-2014-mexico-09.jpg,D://datasets/cars/classifications\test\c1bddd4a-05c5-493b-b1a1-03dfee9ffcd3.jpg
acura rdx 2014,https://images.wallpaperscraft.com/image/acura_rdx_salon_interior_steering_wheel_speedometer_14633_1280x1280.jpg,D://datasets/cars/classifications\test\eb6ed87c-8086-4a75-8e7d-66f47c8f3536.jpg
acura rdx 2014,https://www.alvolante.info/wp-content/uploads/RDX-10.jpg,D://datasets/cars/classifications\test\c6cd566a-a214-4181-a9a0-7af109e16678.jpg
acura rdx 2014,http://blogs.youwheel.com/wp-content/uploads/2014/08/2014_Acura_RDX_20.jpg,D://datasets/cars/classifications\test\5ec115e4-9937-4c06-a743-082fc087dbf3.jpg
acura rdx 2014,https://foto.carexpert.ru/img/foto1680/acura/acurrdx058.jpg,D://datasets/cars/classifications\test\9a3a4a04-90eb-4617-b866-e7d2b898c2eb.jpg
acura rdx 2014,https://www.carpixel.net/w/e1c193d4747b848af365c16ce9044ed2/acura-rdx-car-wallpaper-62902.jpg,D://datasets/cars/classifications\test\8249a498-89cd-48eb-ad2a-e1d0fc43c9b6.jpg
acura rdx 2014,https://www.carpixel.net/w/095909a7b797654097b3a1e6f8504f6a/acura-rdx-car-wallpaper-62871.jpg,D://datasets/cars/classifications\test\42870983-f847-4d97-b3ce-c60b744d422b.jpg
acura rdx 2014,https://sun9-36.userapi.com/j6XPobYvt_6KiAv_sLiwjfcUeCxeaHvwUxcPcg/iocA76wIFoI.jpg,D://datasets/cars/classifications\test\6706f23a-a541-4ed1-81b5-20e899f07832.jpg
acura rdx 2014,https://www.carpixel.net/w/201b3053179df6c70bd6194422f799db/acura-rdx-car-wallpaper-62867.jpg,D://datasets/cars/classifications\test\b570d552-1803-4989-8aa3-a6ea200e6288.jpg
acura rdx 2014,https://acuraconnected.com/wp-content/uploads/2012/08/rdx_800_2012_08_29_01.jpg,D://datasets/cars/classifications\test\580d777f-ce0d-490c-909b-e4bd685f15a3.jpg
acura rdx 2014,https://i.pinimg.com/originals/7d/33/16/7d331628e342676ac0e4aa13054159f1.jpg,D://datasets/cars/classifications\test\b8fe8fcb-91d2-463a-8302-904d8c4ab2a2.jpg
acura rdx 2014,https://avatars.mds.yandex.net/get-autoru-vos/2161436/387d3f3269b2547d6bd8569ee230381c/1200x900n,D://datasets/cars/classifications\test\c9cce4ab-0f2a-4538-9e41-3ae1fe4d2e79.jpg
acura rdx 2014,https://www.almrsal.com/wp-content/uploads/2013/07/2014-rdx-exterior-awd-in-crystal-black-pearl-building-corner-5_hires.jpg,D://datasets/cars/classifications\test\181e23c9-3902-484b-be06-21d04156a534.jpg
acura rdx 2014,https://auto-database.com/image/acura-tl-iv-2015-pictures-314618.jpg,D://datasets/cars/classifications\test\ffe84d40-0d6d-417d-a597-0d4013c6d8eb.jpg
acura rdx 2014,https://zavolzhe.kolobox.ru/files/images/shini_diski_na_acura_rdx.jpg,D://datasets/cars/classifications\test\df8c80ad-6c59-45a3-9060-c5c4478ffdd1.jpg
acura rdx 2014,https://topismag.net/wp-content/uploads/2014/03/2014-Acura-RDX-White.jpeg,D://datasets/cars/classifications\test\087f0c34-ea3d-4017-810f-b8e8e7ac80ce.jpg
acura rdx 2014,http://images.gtcarlot.com/pictures/82983085.jpg,D://datasets/cars/classifications\test\1b1bb41d-22d2-46a0-bc7b-f4b80841781d.jpg
acura rdx 2014,https://www.motortrend.com/uploads/sites/10/2015/11/2014-acura-rdx-technology-package-suv-angular-front.png,D://datasets/cars/classifications\test\bf71af74-82cc-4870-be32-1fe127b16a00.jpg
acura rdx 2014,https://www.servoppf.com/wp-content/uploads/2015/03/2014-rdx-exterior-with-technology-package-in-crystal-black-pearl-building-corner-11_hires.jpg,D://datasets/cars/classifications\test\c3f311bf-4e31-466f-a2af-137dbb7aa7fa.jpg
acura rdx 2014,https://auto-database.com/image/acura-rdx-ii-2013-pics-314989.jpg,D://datasets/cars/classifications\test\34017cec-0a25-4d35-8d3f-a58fe9425f99.jpg
acura rdx 2014,https://allroader.ru/wp-content/uploads/2013/12/Acura-RDX-2014-03.jpg,D://datasets/cars/classifications\test\d0badcb9-751b-4fd3-8b17-027a8c580189.jpg
acura rdx 2014,https://www.japanbullet.com/images/2013/04/2014acurardxgal4.jpg,D://datasets/cars/classifications\test\7e5dddcd-f93a-4eba-8d56-70ce08eede7f.jpg
acura rdx 2014,https://i.ytimg.com/vi/EfAGzeJn1w4/maxresdefault.jpg,D://datasets/cars/classifications\test\e97f5b1b-f6eb-4a28-82b7-f44134756403.jpg
acura rdx 2014,https://avatars.mds.yandex.net/get-autoru-vos/2167803/27ab43feb1527c1cf8a7a4ccfd78adee/1200x900n,D://datasets/cars/classifications\test\6c77df43-c1af-41c9-b1b4-4a054ed22930.jpg
acura rdx 2014,https://sun9-73.userapi.com/c623629/v623629324/14914/RnIqMNc-Nco.jpg,D://datasets/cars/classifications\test\bf0cd2c7-710c-4055-8e4a-d1352a09f9cc.jpg
acura rdx 2014,https://sun9-18.userapi.com/ns81995qpTr1QolFvHYVGBB-ky6YUC4un9X91A/Z3T0t1zap0A.jpg,D://datasets/cars/classifications\test\5986c711-2dd3-42a6-b217-d59ba131a440.jpg
acura rdx 2014,https://avatars.mds.yandex.net/get-autoru-vos/2163731/b1f6b9a798d6cca9781bf0eeb03120c2/1200x900,D://datasets/cars/classifications\test\3907c9e3-c121-4102-972b-8e32a63dd1fa.jpg
acura rdx 2014,https://avtomarket.ru/stuff/gallery/11637/b_172783.jpg,D://datasets/cars/classifications\test\95d07d28-b7ee-4e3a-a9a2-4922db96ebf0.jpg
acura rdx 2014,https://dvizhok.su/i/files/images/RDX_4.jpg,D://datasets/cars/classifications\test\f01c7e88-6840-4e54-9f10-06c7d5d98077.jpg
acura rdx 2014,https://i.pinimg.com/originals/f4/65/f7/f465f7daad02a256f3d3d4d54f8a0cc2.jpg,D://datasets/cars/classifications\test\325a77c3-05ef-4219-8788-acf65ba3fa2a.jpg
acura rdx 2014,https://autodmir.ru/logo/1/20930/acura-rdx-20930.jpg,D://datasets/cars/classifications\test\71bdaa86-b211-4b9a-9e65-87fe5921b5f5.jpg
acura rdx 2014,https://www.japanbullet.com/images/2013/04/2014acurardxgal6.jpg,D://datasets/cars/classifications\test\c3aa4e3a-d76d-4649-858b-60663e66a271.jpg
acura rdx 2014,http://photos.bibika.ru/photo/w/18/05/07/w3275329/big/1c0490063632ffd3e4.jpg,D://datasets/cars/classifications\test\3bf66c54-e42a-4101-af21-eaca7392ba3f.jpg
acura rdx 2014,https://70.img.avito.st/1280x960/3914946670.jpg,D://datasets/cars/classifications\test\9d007c05-76c4-403a-bbac-3ee40a8f8848.jpg
acura rdx 2014,https://www.carpixel.net/w/90920990acd05a751bd1982b8bb91c61/acura-rdx-car-wallpaper-62869.jpg,D://datasets/cars/classifications\test\cd7c08f5-70b3-45cd-a9aa-42770de9655a.jpg
acura rdx 2014,https://www.zastavki.com/pictures/originals/2014/Auto___Acura_2014_Acura_RDX_car_on_the_road__066960_.jpg,D://datasets/cars/classifications\test\05d8cab3-a843-4e2f-90e9-c5531d5f3308.jpg
acura rdx 2014,https://www.japanbullet.com/images/2013/04/2014acurardxgal5.jpg,D://datasets/cars/classifications\test\d9a55328-af53-4671-a11a-c974655990e8.jpg
acura rdx 2014,https://1gai.ru/uploads/posts/2014-11/1417121791_2014-acura-rd.jpg,D://datasets/cars/classifications\test\4847432f-15f6-4471-855d-cf16463b6b64.jpg
acura rdx 2014,https://avatars.mds.yandex.net/get-autoru-vos/1583891/0c6dbb18b8172448337261750b0e5553/1200x900,D://datasets/cars/classifications\test\0055ffb3-83b5-4a47-80ad-1144bc7a558b.jpg
acura rdx 2014,https://avatars.mds.yandex.net/get-autoru-vos/4219430/be3954acea30df028ff6fb8c3fece399/1200x900n,D://datasets/cars/classifications\test\f027f81b-feea-4fb5-9b55-82bc49c0b8fd.jpg
acura rdx 2014,https://all-test-drives.com/wp-content/uploads/posts/2014-03/thumbs/1395928802_3acura-rdx.jpg,D://datasets/cars/classifications\test\3d03bee8-9a9d-46b4-8515-2dc34b54df5b.jpg
acura rdx 2014,https://sun9-41.userapi.com/i1GFPo4jsgzhkgHXV7liTcyOlnipOlWOvOVlFw/GbdyC5qKXgU.jpg,D://datasets/cars/classifications\test\448539eb-f609-42dc-a591-fb49ac392bc8.jpg
acura rdx 2014,https://avtoved.news/images/gallery/cars/acura/rdx/2014/smart_thumbs/Acura-RDX-2014-04_thumb_large1280_0.jpg,D://datasets/cars/classifications\test\2988b03d-93f5-4d33-aba8-3b7e4ad1d1f7.jpg
acura rdx 2014,https://i.pinimg.com/736x/09/2e/88/092e885d30f0818d9575634e8c1fc1a2--acura-rdx-base.jpg,D://datasets/cars/classifications\test\a1623474-7eeb-45f0-b099-3768b8bb1375.jpg
acura rdx 2014,https://avatars.mds.yandex.net/get-autoru-vos/2063021/bbc8724493704807b0f9812026b3ea69/1200x900n,D://datasets/cars/classifications\test\7653720b-3935-4702-a89b-124f578f4258.jpg
acura rdx 2014,https://www.japanbullet.com/images/2013/04/2014acurardxgal15.jpg,D://datasets/cars/classifications\test\cc65dd84-d92c-460b-a154-77adaff7f9b8.jpg
acura rdx 2014,https://upload.wikimedia.org/wikipedia/commons/thumb/9/9b/2013_Acura_RDX_--_06-24-2012_1.JPG/560px-2013_Acura_RDX_--_06-24-2012_1.JPG,D://datasets/cars/classifications\test\6d397e97-a441-41d6-a5b0-19b467450a57.jpg
acura rdx 2014,https://sun9-70.userapi.com/c624929/v624929540/43734/E1P6VhpWd1g.jpg,D://datasets/cars/classifications\test\0f0e1464-93d1-4a12-a9ea-22be4b60fc00.jpg
acura rdx 2014,https://i.pinimg.com/originals/d5/93/f9/d593f9827bf58fdd78df108dc387113d.jpg,D://datasets/cars/classifications\test\e8e8d17b-5beb-4ea2-932f-7b7da50ea629.jpg
acura rdx 2014,https://img.favcars.com/acura/rdx/images_acura_rdx_2012_5_1600x1200.jpg,D://datasets/cars/classifications\test\4557da2c-e87e-451c-9254-bade5d8a013c.jpg
acura rdx 2014,https://1.bp.blogspot.com/-qhRtUj1iLbc/UTTd_xDoprI/AAAAAAAADKg/tcRzUUvktyE/s1600/2013-acura-rdx-3.jpg,D://datasets/cars/classifications\test\c7d881bd-1445-4ffd-80d5-35625e45c82c.jpg
acura rdx 2014,https://cs.copart.com/v1/AUTH_svc.pdoc00001/PIX375/733311e3-7c70-40ab-bff0-517d726badcc.JPG,D://datasets/cars/classifications\test\434a09be-fb15-438c-ac24-cd8cc0ec6315.jpg
acura rdx 2014,https://avatars.mds.yandex.net/get-autoru-vos/4304177/6862f88219351dffdb4d1a2f64313415/1200x900n,D://datasets/cars/classifications\test\c07bf2c4-a18f-48de-abfd-90804bc2016a.jpg
acura rdx 2014,http://photos.bibika.ru/photo/w/18/05/07/w3275329/big/9dadb4da94ca2994b7.jpg,D://datasets/cars/classifications\test\d6bacd9b-e103-4717-a600-84fe4c44e6ed.jpg
acura rdx 2014,https://www.alvolante.info/wp-content/uploads/RDX-11.jpg,D://datasets/cars/classifications\test\02881263-caad-4249-b397-9e5e46eb6df5.jpg
acura rdx 2014,https://avtonam.ru/wp-content/uploads/2014/03/acura-rdx-2014-5.jpg,D://datasets/cars/classifications\test\321482a7-86a2-463e-b79c-fda63aeb1918.jpg
acura rdx 2014,https://www.wallpapers4u.org/wp-content/uploads/acura_rdx_salon_interior_steering_wheel_speedometer_14633_1920x1080.jpg,D://datasets/cars/classifications\test\11e1dbda-b21f-4535-bad4-a338dae18f80.jpg
acura rdx 2014,https://lh3.googleusercontent.com/proxy/TlxUYUgMErXgn5JV0edIaN7gkK3NKwao2jjiETNdxbAy6NWAow-7jClB8sQWj0dSpd9VVWwEV8625-37ojrzWRX1xjj_EAw893aau5qj2sjqqSrNUWHBUx2KW1KfGQ%3Ds0-d,D://datasets/cars/classifications\test\3062d2f8-b94f-4fa6-8575-e7e22775cf6a.jpg
acura rdx 2014,https://topgearrussia.ru/data/topgear/upload/2016-04/28/image-a2d6027c.jpg,D://datasets/cars/classifications\test\f5dc75e4-7a28-4548-bc08-fa865864cd67.jpg
acura rdx 2014,https://i.pinimg.com/originals/6d/9a/27/6d9a270c778a49e8f8ca16ac15f6cea0.jpg,D://datasets/cars/classifications\test\41233642-8f40-4a73-96c9-e8a0cb8e6d9c.jpg
acura rdx 2014,https://imganuncios.mitula.net/acura_rdx_2014_2014_acura_rdx_wtech_4400015607001834861.jpg,D://datasets/cars/classifications\test\ad2e29f1-bd9f-4485-bdf6-0a1a18569a02.jpg
acura rdx 2014,https://s.auto.drom.ru/i24194/r/photos/acura/rdx/big_1045799.jpg,D://datasets/cars/classifications\test\bcab0448-077a-4c6b-8203-eadf8ffe252e.jpg
acura rdx 2014,https://cdn.motor1.com/images/mgl/4KKVq/s1/2013-376652-2014-acura-rdx1.jpg,D://datasets/cars/classifications\test\7142bd50-8876-4ac3-8ba7-0827f76d2f9c.jpg
acura rdx 2014,https://s1.autorating.ru/upload/medialibrary/441/4417dedf8cbabf4c96de3268b4854809.jpeg,D://datasets/cars/classifications\test\34a0c1fb-abc9-49b2-a01e-722443f61ed3.jpg
acura rdx 2014,https://img.favcars.com/acura/rdx/acura_rdx_2012_pictures_1.jpg,D://datasets/cars/classifications\test\8633e2c3-3384-407b-bb05-4d93b3fecb73.jpg
acura rdx 2014,https://autotras.com/images/6/acura-rdx-how-mach.jpg,D://datasets/cars/classifications\test\56287c59-a377-4733-b190-aaf497de5bc8.jpg
acura rdx 2014,https://autonxt.net/wp-content/uploads/2015/06/2015-Acura-MDX-2500x1500-21.jpg,D://datasets/cars/classifications\test\803d4749-e0ce-4815-8df7-667dfd4eb83e.jpg
acura rdx 2014,https://cs.copart.com/v1/AUTH_svc.pdoc00001/PIX148/61a22290-67ca-4bc5-a367-e2b30c7b5d27.JPG,D://datasets/cars/classifications\test\dc31430e-817c-40f0-994b-079bc7d64ae2.jpg
acura rdx 2014,https://avatars.mds.yandex.net/get-autoru-vos/1989100/fca608be42989cd585d4fc2c2ff94329/1200x900,D://datasets/cars/classifications\test\e3a63410-7c34-4b1b-acb9-8f679882f79f.jpg
acura rdx 2014,https://acura-ua.com.ua/content/gallery/photo_558_sm1.jpg,D://datasets/cars/classifications\test\d8986523-2fd8-41ee-908a-adcb28ac617a.jpg
acura rdx 2014,https://www.motortrend.com/uploads/sites/5/2012/01/2013-Acura-RDX-side.JPG.jpg,D://datasets/cars/classifications\test\0208b977-3aca-44de-bb28-da42bc83bdd4.jpg
acura rdx 2014,https://1.bp.blogspot.com/-5juBxFqRgTc/U_4yQ9OhA6I/AAAAAAAAFh8/3g92BHkDcvM/s1600/2014-acura-rlx-interior-2.jpg,D://datasets/cars/classifications\test\2905cc80-f33e-4ced-a1ac-89e1134c7ab8.jpg
acura rdx 2014,http://photos.bibika.ru/photo/w/18/05/07/w3275329/big/6adb56d268ba0023cf.jpg,D://datasets/cars/classifications\test\7491ef9b-b882-499a-b2a6-a0e7ec201fa4.jpg
acura rdx 2014,https://avatars.mds.yandex.net/get-autoru-vos/2160912/a920db020821ddc7c14fe0ad4f9f931f/1200x900n,D://datasets/cars/classifications\test\d083af02-625b-4f86-b49a-14d08b852fe2.jpg
acura rdx 2014,https://avatars.mds.yandex.net/get-autoru-vos/1885269/c68168070b319288c62a55d7cc86c3a7/1200x900,D://datasets/cars/classifications\test\025af70e-a44d-49de-8929-8ae6e92e6307.jpg
acura rdx 2014,https://cdn.carbuzz.com/gallery-images/2013-acura-rdx-left-front-three-quarter-view-carbuzz-445937.jpg,D://datasets/cars/classifications\test\c893f81a-3584-423a-9d0f-1fb39998d0a7.jpg
acura rdx 2014,http://images.gtcarlot.com/pictures/107433828.jpg,D://datasets/cars/classifications\test\cf3ac611-3591-4a82-a0c9-4a9e30ab0d3c.jpg
acura rdx 2014,https://auto-database.com/image/acura-rdx-2015-images-315279.jpg,D://datasets/cars/classifications\test\147a8301-ca76-488c-9cde-b0333f7e65fa.jpg
acura rdx 2014,https://autotras.com/images/8/rdx-acura-used.jpg,D://datasets/cars/classifications\test\7e92f9fd-e7b7-418b-b358-f32bfb1ac25c.jpg
acura rdx 2014,https://img.autobytel.com/car-reviews/autobytel/124041-best-suvs-to-buy-2014/Best-SUVs-to-Buy-2014.jpg,D://datasets/cars/classifications\test\f8b6c0cb-00c3-47ad-a80d-561988ab204d.jpg
acura rdx 2014,https://www.alvolante.info/wp-content/uploads/rdx-4.jpg,D://datasets/cars/classifications\test\1f51191f-9ac4-4924-abcc-880e06301d91.jpg
acura rdx 2014,https://allroader.ru/wp-content/uploads/2013/12/Acura-RDX-2014-26.jpg,D://datasets/cars/classifications\test\d527a6da-ffa9-4551-b7af-a28d0f2f5e0f.jpg
acura rdx 2014,https://avatars.mds.yandex.net/get-autoru-vos/2165317/8bd5b28036d9bd95781453bc3f8912b6/1200x900,D://datasets/cars/classifications\test\43724072-8ca3-4284-9bfe-798382e84f0d.jpg
acura rdx 2014,https://auto-database.com/image/pictures-of-acura-rdx-2012-315227.jpg,D://datasets/cars/classifications\test\71e37a94-24e6-47bd-a2b7-48316b5370dc.jpg
acura rdx 2014,https://avatars.mds.yandex.net/get-autoru-vos/2165712/15434a7ff1017bbb92167f9f60bd758c/1200x900n,D://datasets/cars/classifications\test\579bff72-4449-4e5b-ad1d-173047e082fe.jpg
acura rdx 2014,https://reedr.ru/wp-content/uploads/2019/05/2013-acura-rdx-1310137-4379476.jpg,D://datasets/cars/classifications\test\ffc82028-f6fa-4a57-9316-f282113390ed.jpg
acura rdx 2014,https://s.auto.drom.ru/i24198/r/photos/acura/rdx/big_1082560.jpg,D://datasets/cars/classifications\test\0bb39885-e468-48da-8ec9-d968f2ea1f72.jpg
acura rdx 2014,https://sun9-45.userapi.com/Sd9zuWh2vwAm_CJVWW_waWEl4RVLI0pGzKJaZQ/DMVQzzRb2Dw.jpg,D://datasets/cars/classifications\test\f931b48e-ea95-4166-8c5e-0872528199ec.jpg
acura rdx 2014,https://autotras.com/image/3468/acura-mdx-best-model.jpg,D://datasets/cars/classifications\test\7e38c110-0965-478b-9140-984448e955d6.jpg
acura rdx 2014,https://www.windingroad.com/assets/autos_db/galleries/20120328/RDX_11_1_jpg_900x900_q100.jpg,D://datasets/cars/classifications\test\f4cecc17-e8cd-47e7-8cf9-6f53b8a03be1.jpg
acura rdx 2014,https://kodbox.ru/cars/acura/rdx/yb2014yet716n16.jpg,D://datasets/cars/classifications\test\33ac2864-6dec-4f83-ba00-c6216d4d0777.jpg
acura rdx 2014,https://avatars.mds.yandex.net/get-autoru-vos/1978750/46ca04a68b1dc4b6338678b32af4e4b5/1200x900,D://datasets/cars/classifications\test\5de62385-0762-4698-81bb-e02b92d92165.jpg
acura rdx 2014,https://www.230km.ru/imgcontent/auto_photo_new/Acura_RDX_2013_2_7/1024/Acura-RDX-2013-0.jpg,D://datasets/cars/classifications\test\38aacbea-788a-47bc-8203-ec8d1aa65a7e.jpg
acura rdx 2014,https://st.motortrend.com/uploads/sites/10/2015/09/2013-Acura-RDX-Front-Angle-Alternate-Portrait.jpg,D://datasets/cars/classifications\test\0bdda2e3-9603-445c-afe6-25ac7c8066ab.jpg
acura rdx 2014,https://avatars.mds.yandex.net/get-autoru-vos/2058167/64c065e862a0451a7695807d391420ac/1200x900n,D://datasets/cars/classifications\test\0bccc1c8-3933-4e7c-83df-86370f4f9311.jpg
acura rdx 2014,https://www.free-wallpapers.su/data/media/2943/big/car8309.jpg,D://datasets/cars/classifications\test\2b30cf19-da14-4611-8e68-0fb1497cab02.jpg
acura rdx 2014,https://avatars.mds.yandex.net/get-autoru-vos/1894638/5786b1658b21f6c2bdafaffbb7bafe9d/1200x900n,D://datasets/cars/classifications\test\6332628c-03a5-41c2-a8fa-de031c348c49.jpg
acura rdx 2014,https://carsbase.com/photo/acura/acura-mdx-mk103-pic122796.jpg,D://datasets/cars/classifications\test\1e449765-f60e-457b-b418-5f6824bbf3e1.jpg
acura rdx 2014,https://avatars.mds.yandex.net/get-autoru-vos/2106781/caa666945c5c3c2cc3f5eb5c9048dbb6/1200x900n,D://datasets/cars/classifications\test\5b719a76-a32a-4b10-9ed6-bf4f8cb11317.jpg
acura rdx 2014,https://avatars.mds.yandex.net/get-autoru-vos/1994255/dd655f72bfc5156ddfb13663e2888f1e/1200x900,D://datasets/cars/classifications\test\5027957f-dec6-4380-8b01-b9690f5ca567.jpg
acura rdx 2014,https://avatars.mds.yandex.net/get-autoru-vos/2160506/908d5730ce410065bfe5e9b091865ee4/1200x900n,D://datasets/cars/classifications\test\1d292f43-caed-4680-83c9-69ffa9f42581.jpg
acura rdx 2014,https://cdn.motor1.com/images/mgl/4m4YM/s1/2015-542711-2016-acura-rdx-facelift-spy-photo1.jpg,D://datasets/cars/classifications\test\ea032e4d-70d9-491b-97e4-544f45d60e3d.jpg
acura rdx 2014,https://www.acura.ca/Content/hondanews.ca/7e835185-e0ad-4110-863a-97dbf496beab/PressRelease/IMG_0221.jpg,D://datasets/cars/classifications\test\147401a5-a1cd-4f98-baf4-fd8668776dbb.jpg
acura rdx 2014,https://hips.hearstapps.com/hmg-prod/amv-prod-cad-assets/images/13q3/524200/2014-acura-rdx-instrumented-test-review-car-and-driver-photo-525149-s-original.jpg%3Fq%3Dfill%253D2%25253A1%2526amp%25253Bresize%253D1200%25253A%25252A,D://datasets/cars/classifications\test\569d69ef-45dd-4698-8611-2dbecead8b00.jpg
acura rdx 2014,https://avatars.mds.yandex.net/get-autoru-vos/2172682/8523fe19bfa33ae5df3c84ae32a1faa0/1200x900n,D://datasets/cars/classifications\test\45af98d6-4ecb-4694-88a2-8dd68a6b930e.jpg
acura rdx 2014,https://vikupavto-dorogo.ru/wp-content/uploads/2019/12/RDX.png,D://datasets/cars/classifications\test\9c34e67f-d0a4-4c35-bd57-6d3208243adb.jpg
acura rdx 2014,https://img.plc.ua/full/img1/01/2014/19/407/271d581e70d0204a03dc1c6d17b553b4/fa8381ab-ad70-4e11-9fa4-3c4da8c39d72.jpg,D://datasets/cars/classifications\test\5d22a904-6d95-412c-980a-921d9dca3b29.jpg
acura tlx 2014,https://i.artfile.ru/2133x1200_1060841_%5Bwww.ArtFile.ru%5D.jpg,D://datasets/cars/classifications\test\e76dac77-cad2-4949-9ace-61784925a8a6.jpg
acura tlx 2014,https://auto.vercity.ru/img/magazine/old/1585.jpg,D://datasets/cars/classifications\test\d7490661-0860-44e3-b198-7cb038b74bb8.jpg
acura tlx 2014,https://s1.paultan.org/image/2014/01/Acura_TLX_Prototype_05.jpg,D://datasets/cars/classifications\test\91bed1e9-4cae-4b01-8e06-8d0447a3f555.jpg
acura tlx 2014,https://avtoshkola.pro/uploads/posts/2020-02/acura-otkryvaet-prodazhi-sedana-tlx-v-rossii-acura-12.jpg,D://datasets/cars/classifications\test\3a4776c6-37e0-49c3-913c-d17b4a9e3abf.jpg
acura tlx 2014,https://auto-my.ru/wp-content/uploads/2015/03/38-600x398.jpg,D://datasets/cars/classifications\test\9fbce0b8-ef9c-408f-b350-b3c343b55db1.jpg
acura tlx 2014,https://1gai.ru/uploads/posts/2014-04/1398158245_nyias14-7.jpg,D://datasets/cars/classifications\test\1e36530c-48d6-4c23-9d58-47ac78966fea.jpg
acura tlx 2014,https://static-13.sinclairstoryline.com/resources/media/e54f3e20-212f-440a-88f6-edd13f83105a-2015_Acura_TLX_Exterior_V6_SH_AWD_036.jpg,D://datasets/cars/classifications\test\0770d9fe-927b-46db-945d-5876b0d2779c.jpg
acura tlx 2014,https://avatars.mds.yandex.net/get-autoru-vos/2057171/72ae9a79a7d5166579fbd95231b785b0/1200x900,D://datasets/cars/classifications\test\e5cb6efd-bcf7-4cea-a1c6-8fb91546c55b.jpg
acura tlx 2014,https://www.coches.com/fotos_historicas/acura/TLX-Prototype/acura_tlx-prototype-2014_r3.jpg,D://datasets/cars/classifications\test\7d9cd937-9749-4821-9109-bab44aa7aaba.jpg
acura tlx 2014,https://i.artfile.me/wallpaper/11-10-2014/4096x2731/avtomobili-acura-2014g-temnyj-cis-spec-2-874695.jpg,D://datasets/cars/classifications\test\1374e7ec-1728-4e4c-8bdc-1fe62083a2d6.jpg
acura tlx 2014,https://www.motorionline.com/wp-content/gallery/acura-tlx-salone-di-detroit-2014/acura_tlx_salone_di_detroit_2014_18.jpg,D://datasets/cars/classifications\test\ab8df943-b20a-4004-b2a2-067f836b1ea5.jpg
acura tlx 2014,https://avtoshkola.pro/uploads/posts/2020-02/acura-otkryvaet-prodazhi-sedana-tlx-v-rossii-acura-11.jpg,D://datasets/cars/classifications\test\37a467d0-78c5-4381-a708-f47ca159f4ae.jpg
acura tlx 2014,https://i.artfile.ru/4094x2465_874701_%5Bwww.ArtFile.ru%5D.jpg,D://datasets/cars/classifications\test\5cc593b4-23d9-4d6e-9b5c-9bca497db356.jpg
acura tlx 2014,https://www.car-revs-daily.com/wp-content/uploads/old/2015_Acura_TLX_Exterior_V6_SH_AWD_007.jpg,D://datasets/cars/classifications\test\211c4ac1-9ef2-442e-a5d0-3bf5bccb1a02.jpg
acura tlx 2014,https://autonxt.net/wp-content/uploads/2015/02/ACURA4.jpg,D://datasets/cars/classifications\test\98b27b0c-a2dd-48b8-ab7d-2a29d561f708.jpg
acura tlx 2014,https://www.hdcarwallpapers.com/walls/2014_acura_tlx_concept-wide.jpg,D://datasets/cars/classifications\test\99b21e70-2980-4aa8-9c8f-33f6f167e323.jpg
acura tlx 2014,https://avtoshkola.pro/uploads/posts/2020-02/acura-otkryvaet-prodazhi-sedana-tlx-v-rossii-acura-13.jpg,D://datasets/cars/classifications\test\135d3484-9d0b-41fb-acc9-293a363550e3.jpg
acura tlx 2014,http://test-drive.ru/photo/acura_tlx_mias14/005.jpg,D://datasets/cars/classifications\test\8d3a4a4a-4b15-4063-86f2-cd457ae8ce65.jpg
acura tlx 2014,https://www.motortrend.com/uploads/sites/5/2014/08/2015-Acura-TLX-24-promo21.jpg,D://datasets/cars/classifications\test\b3f2e52e-e0f4-4415-8fd6-25ddc436bb25.jpg
acura tlx 2014,http://test-drive.ru/photo/acura_tlx_mias14/004.jpg,D://datasets/cars/classifications\test\8cbacc19-ed2c-462a-b0dd-55b9dc0b6262.jpg
acura tlx 2014,https://www.japanbullet.com/images/2014/04/2014newyorkautoshow2015acuratlxgal1.jpg,D://datasets/cars/classifications\test\811e3bb5-ee10-4869-a918-ffa21010f819.jpg
acura tlx 2014,http://test-drive.ru/photo/acura_tlx_mias14/003.jpg,D://datasets/cars/classifications\test\8aa59364-2115-4673-9bc4-cdb87048841d.jpg
acura tlx 2014,https://i.pinimg.com/originals/f0/43/f3/f043f34e147dd620754e955f6a81e778.jpg,D://datasets/cars/classifications\test\c19757e6-1720-4943-a40e-c51cadfaf343.jpg
acura tlx 2014,https://www.avtorinok.ru/photo/pics/acura/tlx/131914.jpg,D://datasets/cars/classifications\test\05f1e3ef-0d17-4542-90f4-aafa7e466c69.jpg
acura tlx 2014,https://www.avtorinok.ru/photo/pics/acura/tlx/131918.jpg,D://datasets/cars/classifications\test\d4feb29f-f67f-4991-a191-0177a2d4c582.jpg
acura tlx 2014,https://avatars.mds.yandex.net/get-autoru-vos/2168396/a374a1c1161db508762afee0f41d6bc8/1200x900,D://datasets/cars/classifications\test\14894ccf-d9c4-49d8-884e-2c57f167ad05.jpg
acura tlx 2014,https://avatars.mds.yandex.net/get-autoru-vos/2094527/6f81bb16c7a248519fbba19b53013d5f/1200x900n,D://datasets/cars/classifications\test\19997dc8-6bf7-4f79-b865-7684fa6ca5d5.jpg
acura tlx 2014,https://www.asianfortunenews.com/wp-content/uploads/2015/04/tlx_2.jpg,D://datasets/cars/classifications\test\1f2e31fb-9049-48a9-8a85-88fc6865712f.jpg
acura tlx 2014,https://1gai.ru/uploads/posts/2014-04/1398158157_nyias14-8.jpg,D://datasets/cars/classifications\test\568b9036-0c90-4d69-909f-de11971b6272.jpg
acura tlx 2014,https://www.kolesa.ru/uploads/bnnews/2014/11/26/b5651f0361ad2b1c8c78fa63654f8e7e.jpg,D://datasets/cars/classifications\test\e4d3450e-6520-4dfb-8b01-62146d76400a.jpg
acura tlx 2014,https://avatars.mds.yandex.net/get-autoru-vos/2164482/d585757980e34a63f900d4569117db7b/1200x900n,D://datasets/cars/classifications\test\1ec6e885-1db6-4f9c-8339-1e6fe38333b0.jpg
acura tlx 2014,https://auto.vercity.ru/img/magazine/old/1584.jpg,D://datasets/cars/classifications\test\6f3ec950-432f-4d2f-a9e5-ad22be8c80a8.jpg
acura tlx 2014,https://foto.carexpert.ru/img/foto1680/acura/acurtlx037.jpg,D://datasets/cars/classifications\test\0a8d4608-6131-4bcd-b303-359030974dd0.jpg
acura tlx 2014,https://sun9-28.userapi.com/c6076/v6076318/e0e6/sK44-d4WZOY.jpg,D://datasets/cars/classifications\test\dcf0da81-f2d7-40df-83f5-384d9357d2ea.jpg
acura tlx 2014,https://avatars.mds.yandex.net/get-autoru-vos/2181439/32401d815c4941ea4772099186cfb85b/1200x900,D://datasets/cars/classifications\test\f6a5a4e3-843d-4891-8531-05366eaef3e0.jpg
acura tlx 2014,https://i.pinimg.com/originals/0b/65/1f/0b651f3cad937306ea7d42607d2dcdc1.jpg,D://datasets/cars/classifications\test\d8d094c7-912f-4618-905d-aec85f68de58.jpg
acura tlx 2014,https://avatars.mds.yandex.net/get-autoru-vos/2164639/c071e5077aa04a3730ed2422203efc1d/1200x900n,D://datasets/cars/classifications\test\ce96062d-50c8-4591-beb7-952f35dea633.jpg
acura tlx 2014,https://greepx.com/wp-content/uploads/2020/02/1582225697_370_acura-tlx-wallpapers.jpg,D://datasets/cars/classifications\test\889b6b39-7fc8-43da-b87a-7314189fcdbb.jpg
acura tlx 2014,https://pbs.twimg.com/media/C8PAS-HV0AEja6B.jpg,D://datasets/cars/classifications\test\6b81fa44-0c5a-4ca8-b68e-b9968129b7c1.jpg
acura tlx 2014,https://i.artfile.ru/2048x1536_855446_%5Bwww.ArtFile.ru%5D.jpg,D://datasets/cars/classifications\test\eba84bfa-e041-4c62-b3a4-c264cb275431.jpg
acura tlx 2014,https://pbs.twimg.com/media/B4fEOsCCMAANFDF.jpg,D://datasets/cars/classifications\test\d019e914-efac-4002-bb78-5bbfca8c708d.jpg
acura tlx 2014,https://img.day.az/eto_interesno/05/6/533112.jpg,D://datasets/cars/classifications\test\b2c1a2db-0a60-4284-bac5-7daca340dadb.jpg
acura tlx 2014,https://aleto.com.ua/uploads/car/5fc811e48568d.jpg,D://datasets/cars/classifications\test\c2896c9b-69c6-4dc2-9bf8-981ad4dfdfaa.jpg
acura tlx 2014,https://sun9-32.userapi.com/j6P8ProMNUAaxVyybpDUckbRozm7tlEP2_98jQ/QAwX2_83xRI.jpg,D://datasets/cars/classifications\test\c406856d-729a-4c7b-ac73-ae8d22f0badc.jpg
acura tlx 2014,https://www.carpixel.net/w/c80945fc1079e76cc5df112f6edf421a/acura-tlx-car-wallpaper-63022.jpg,D://datasets/cars/classifications\test\fcc3b2bf-4e6a-41ec-9954-92262124aa4f.jpg
acura tlx 2014,https://avatars.mds.yandex.net/get-autoru-vos/2062947/20dd409173c50eae16a6ee8b46dc5c7e/1200x900,D://datasets/cars/classifications\test\546b2515-313e-4ba6-9bab-95641f31905c.jpg
acura tlx 2014,http://test-drive.ru/photo/acura_tlx_mias14/001.jpg,D://datasets/cars/classifications\test\dc904cac-8254-4340-8a95-5d10eaddc831.jpg
acura tlx 2014,https://hips.hearstapps.com/autoweek/assets/s3fs-public/2015_Acura_TLX_Exterior_V6_SH_AWD_006.jpg,D://datasets/cars/classifications\test\98d7ec5c-78b3-433e-89c2-8ed5503e564c.jpg
acura tlx 2014,http://test-drive.ru/photo/acura_tlx_mias14/006.jpg,D://datasets/cars/classifications\test\66aca055-9488-4de1-9788-a60ca29f7379.jpg
acura tlx 2014,https://www.motortrend.com/uploads/sites/5/2013/12/2015-Acura-TLX-Prototype-front-three-quarter-in-motion1.jpg,D://datasets/cars/classifications\test\59eb6e8d-d9e2-46dd-949b-0e73538952e6.jpg
acura tlx 2014,https://www.japanbullet.com/images/2014/04/2014newyorkautoshow2015acuratlxgal.jpg,D://datasets/cars/classifications\test\8129fbf8-430e-4737-a8aa-7d7ad1f0938a.jpg
acura tlx 2014,http://ecolodriver.com/wp-content/uploads/2014/09/IMG_9109.jpg,D://datasets/cars/classifications\test\6c74fdae-d4e5-4973-8a01-b77ef07c8a48.jpg
acura tlx 2014,https://avatars.mds.yandex.net/get-autoru-vos/2121561/25f7856989b5fb4c60d4f13b71822695/1200x900n,D://datasets/cars/classifications\test\02378225-657b-4fb3-a990-e1bd5d37b17d.jpg
acura tlx 2014,https://auto-database.com/image/acura-tl-iv-2015-images-314615.jpg,D://datasets/cars/classifications\test\ef62f7bc-ae17-4892-9852-9e06db15c26c.jpg
acura tlx 2014,https://1gai.ru/uploads/posts/2014-08/1409163224_2015-acura-tlx-35-sh-awd-front-three-quarter-02.jpg,D://datasets/cars/classifications\test\90f71fea-abd0-48be-917f-8349fff66c79.jpg
acura tlx 2014,https://avatars.mds.yandex.net/get-autoru-vos/2156661/edad75864c5afab4c189a68a8d86f364/1200x900n,D://datasets/cars/classifications\test\ffb8fa52-9d93-4a0b-9c70-139a5c110a86.jpg
acura tlx 2014,https://www.car-revs-daily.com/wp-content/uploads/old/2015_Acura_TLX_Exterior_V6_SH_AWD_040.jpg,D://datasets/cars/classifications\test\2891f49e-f78a-40f1-8c3a-81eb79afd9db.jpg
acura tlx 2014,https://www.japanbullet.com/images/2014/01/2014detroit2014acuratlxgal3.jpg,D://datasets/cars/classifications\test\7db3cd2d-ed4b-4aab-8b10-be4ada492cd1.jpg
acura tlx 2014,https://www.motorionline.com/wp-content/gallery/acura-tlx-salone-di-detroit-2014/acura_tlx_salone_di_detroit_2014_1.jpg,D://datasets/cars/classifications\test\ae60efb6-09bb-4427-9fc6-ccee1a89df8c.jpg
acura tlx 2014,https://avatars.mds.yandex.net/get-autoru-vos/2159858/a21433463f3938ab76b16f0b2be8c1d7/1200x900n,D://datasets/cars/classifications\test\082d6a57-a158-467e-ade5-ae612b90eddb.jpg
acura tlx 2014,https://www.car-revs-daily.com/wp-content/uploads/old/2015_Acura_TLX_Exterior_V6_SH_AWD_024.jpg,D://datasets/cars/classifications\test\b69d6877-3765-4954-aec8-7c3379a7c66b.jpg
acura tlx 2014,https://avatars.mds.yandex.net/get-autoru-vos/2069642/bb2741dcb6f547b6f5a4775d4db81398/1200x900,D://datasets/cars/classifications\test\19026194-690b-4fe7-ab46-cb0d7f0a8328.jpg
acura tlx 2014,https://avatars.mds.yandex.net/get-autoru-vos/1655347/c1d56c5851e66f116db2edff31d9c291/1200x900n,D://datasets/cars/classifications\test\4fa8cae6-0a25-4fe5-90f5-30a71b730c2d.jpg
acura tlx 2014,https://www.japanbullet.com/images/2014/01/2014detroit2014acuratlxgal8.jpg,D://datasets/cars/classifications\test\6f04e372-dc61-4fb6-b44c-0f5ac10db4a3.jpg
acura tlx 2014,https://avtovikyp.by/images/com_adsmanager/contents/image_8432_3.jpg,D://datasets/cars/classifications\test\b459dbf8-4b9a-47ad-812f-5edf838e319c.jpg
acura tlx 2014,https://www.thefiscaltimes.com/sites/default/files/01162014_Worst_Cars_4.jpg,D://datasets/cars/classifications\test\1233014c-9b9f-40be-992e-6df54b4c9dd2.jpg
acura tlx 2014,https://www.carscoops.com/wp-content/uploads/2014/01/73c0e2fb-acura-tlx-prototype-6.jpg,D://datasets/cars/classifications\test\0ae92435-0339-4275-8511-1f329da1be03.jpg
acura tlx 2014,https://www.japanbullet.com/images/2014/01/2014detroit2014acuratlxgal1.jpg,D://datasets/cars/classifications\test\d57b2b2d-56ef-41e3-aad7-da02a7fe2e9a.jpg
acura tlx 2014,https://avatars.mds.yandex.net/get-autoru-vos/2074245/11735b58ee3df99d1d662a1aa622d405/1200x900n,D://datasets/cars/classifications\test\81556fde-d11c-4434-8e97-cc7dd4940b0d.jpg
acura tlx 2014,https://i.artfile.me/wallpaper/18-11-2014/1920x1080/avtomobili-acura-honda-akura-honda-avto--883789.jpg,D://datasets/cars/classifications\test\d002dc0a-311e-457e-8ced-057fd42663dd.jpg
acura tlx 2014,https://avatars.mds.yandex.net/get-autoru-vos/2106500/caa080f79966495d5b18e16a233ef7e4/1200x900n,D://datasets/cars/classifications\test\fe5a22d7-24c0-4d3a-aa8b-78cfa98b6bc5.jpg
acura tlx 2014,https://img2.goodfon.ru/original/960x854/7/a7/2014-acura-tlx-concept.jpg,D://datasets/cars/classifications\test\b69860db-90fb-46bb-a65a-debda4ea0a68.jpg
acura tlx 2014,https://d4d.by/images/logo/acura-tl-2008-2016.png,D://datasets/cars/classifications\test\f6978bea-e0b2-4b80-9c7a-4904adb3760a.jpg
acura tlx 2014,https://all-test-drives.com/wp-content/uploads/posts/2015-05/1432885077_image-8.jpg,D://datasets/cars/classifications\test\b2fe11ec-d243-4275-98b8-5b9866e4af88.jpg
acura tlx 2014,https://i.artfile.me/wallpaper/12-08-2014/1920x1080/avtomobili-acura-3-5l-tlx-2015g-seryj-sh-855414.jpg,D://datasets/cars/classifications\test\cb3355f3-8f35-4e13-b8bd-6a3c552bcd9f.jpg
acura tlx 2014,https://hips.hearstapps.com/hmg-prod/amv-prod-cad-assets/images/15q3/660572/2015-acura-tlx-v-6-sh-awd-test-review-car-and-driver-photo-660651-s-original.jpg,D://datasets/cars/classifications\test\4728c660-fa9b-4be7-af8b-5b0a2d492b49.jpg
acura tlx 2014,http://test-drive.ru/photo/acura_tlx_mias14/002.jpg,D://datasets/cars/classifications\test\f76f1061-2148-41fa-b7fc-e88c0e14927f.jpg
acura tlx 2014,https://s1.paultan.org/image/2014/04/P4160735.jpg,D://datasets/cars/classifications\test\6e2910d4-dabf-4ccb-80d8-1a245aa20ec9.jpg
acura tlx 2014,https://avatars.mds.yandex.net/get-autoru-vos/1567935/0ad55f90704dfc9a174bb824badf2dbb/1200x900n,D://datasets/cars/classifications\test\070e0cb5-e292-4754-8a5b-43aa63d4b560.jpg
acura tlx 2014,https://pbs.twimg.com/media/BwCofy6IcAApvLS.jpg,D://datasets/cars/classifications\test\112b9f0f-0fc2-40b4-99b1-c381db912118.jpg
acura tlx 2014,https://blog.leithacuracary.com/wp-content/uploads/2014/08/2015-Acura-TLX-Interior.jpg,D://datasets/cars/classifications\test\4c71a03e-0e41-40e4-9a37-bb7fed68440c.jpg
acura tlx 2014,https://s0.rbk.ru/v6_top_pics/resized/1010xH/media/img/1/77/754788640795771.jpeg,D://datasets/cars/classifications\test\d063b4ad-8dbb-496c-9999-7ed57f5ff4ba.jpg
acura tlx 2014,https://avatars.mds.yandex.net/get-autoru-vos/2077335/e3137401596d7a1436f14df323af5288/1200x900n,D://datasets/cars/classifications\test\25b51056-8ce9-4c94-9b5b-c1dbe6387cc3.jpg
acura tlx 2014,https://s1.paultan.org/image/2014/04/2015_Acura_TLX_22-e1397730411577.jpg,D://datasets/cars/classifications\test\3b91df6f-92f4-4de5-be21-72656743fe16.jpg
acura tlx 2014,https://auto.vercity.ru/img/magazine/old/27014.jpg,D://datasets/cars/classifications\test\704c7a21-7311-497e-945c-cf961ae0bdf6.jpg
acura tlx 2014,https://i.artfile.ru/2048x1536_858790_%5Bwww.ArtFile.ru%5D.jpg,D://datasets/cars/classifications\test\380d8721-a184-4064-af42-a994a1f95dae.jpg
acura tlx 2014,https://www.japanbullet.com/images/2014/04/2014newyorkautoshow2015acuratlxgal4.jpg,D://datasets/cars/classifications\test\b6cbbcfd-a4cc-454d-817c-84d2efac28df.jpg
acura tlx 2014,https://avatars.mds.yandex.net/get-autoru-vos/1904082/4842442f0c83f05dd940e7bac6be1bda/1200x900,D://datasets/cars/classifications\test\a956b14a-767a-47c5-8812-dcff89d9e15b.jpg
acura tlx 2014,https://a.d-cd.net/d6361eas-960.jpg,D://datasets/cars/classifications\test\f249747d-b3b9-4200-81fb-ab4a8f512d0f.jpg
acura tlx 2014,https://www.blogcdn.com/slideshows/images/slides/215/361/0/S2153610/slug/l/04-2015-acura-tlx-prototype-detroit-1.jpg,D://datasets/cars/classifications\test\f4576363-2f83-49f6-8362-51f9a6f46563.jpg
acura tlx 2014,https://s.aolcdn.com/commerce/autodata/images/USC60ACC182B021001.jpg,D://datasets/cars/classifications\test\f18a222c-cff8-4111-95a3-e8d09f01a3a2.jpg
acura tlx 2014,https://a.d-cd.net/77ab16s-1920.jpg,D://datasets/cars/classifications\test\1a94aec1-f7f6-4cc1-b95c-2c8ec9a0125a.jpg
acura tlx 2014,https://1gai.ru/uploads/posts/2014-11/1415733626_sema-show-2014-175.jpg,D://datasets/cars/classifications\test\b36a838d-48e7-497f-8a0d-1744135ab4fb.jpg
acura tlx 2014,http://tataram.ru/wp-content/uploads/2015/08/11949010015_c4186a21d7_o.jpg,D://datasets/cars/classifications\test\32d57b3c-fa4e-47c3-82b7-0f69bff3dfcd.jpg
acura tlx 2014,https://1gai.ru/uploads/posts/2014-04/1397493286_acura-tlx-prototype-22.jpg,D://datasets/cars/classifications\test\bf236073-e041-412f-801b-e9b8bbe1fd5d.jpg
acura tlx 2014,https://s.rdrom.ru/1/pubs/4/28063/1399136.jpg,D://datasets/cars/classifications\test\28cefeec-ab23-4d23-8dad-978ef99476e9.jpg
acura tlx 2014,https://www.businessinsider.in/photo/45632069/the-15-most-important-new-cars-of-2014/15-acura-tlx-honda-once-popular-acura-near-luxury-brand-has-lost-its-way-a-bit-in-recent-years-the-new-tlx-seems-to-have-helped-the-brand-find-some-firm-footing-again-the-new-sedan-which-replaced-both-the-tl-and-tsx-models-have-been-well-received-by-critics-and-buyers-alike-this-has-translated-into-an-increase-in-acura-sales-.jpg,D://datasets/cars/classifications\test\31fd9b34-40e9-43a5-883a-bc8821e9f823.jpg
acura tlx 2014,https://i.pinimg.com/originals/d2/1d/1a/d21d1ae16f882b77650e4d9871e9f3de.jpg,D://datasets/cars/classifications\test\8d38877e-47df-4951-a8db-51784735deaf.jpg
acura tlx 2014,https://pbs.twimg.com/media/C9Lrp8ZXsAA5e9o.jpg,D://datasets/cars/classifications\test\bb80ab65-6d97-4341-9bed-49677bd02c7d.jpg
acura tlx 2014,https://hips.hearstapps.com/autoweek/assets/s3fs-public/2015_Acura_TLX_Exterior_V6_SH_AWD_017.jpg,D://datasets/cars/classifications\test\f8b215c4-2d96-4490-8d04-9e16e5d3b155.jpg
acura tlx 2014,https://www.carpixel.net/w/25a4090078e09f6402222af6673dd0df/acura-tlx-prototype-car-wallpaper-10000.jpg,D://datasets/cars/classifications\test\87e093f2-0203-42a2-a398-0ffe2ed6029e.jpg
acura tlx 2014,https://i.pinimg.com/236x/12/2e/3a/122e3afa6419c3bd8fc51b702fe47bef--product-design-detroit.jpg,D://datasets/cars/classifications\test\2e6c8c34-a2d6-41e8-850c-d3986a073158.jpg
acura tlx 2014,https://di-uploads-pod3.dealerinspire.com/wisconsinacuradealers/uploads/2015/11/2016-Acura-TLX-Jellybean.png,D://datasets/cars/classifications\test\05ea4660-4b86-480d-979c-7862d390c5b4.jpg
acura tlx 2014,https://www.japanbullet.com/images/2014/01/2014detroit2014acuratlxgal5.jpg,D://datasets/cars/classifications\test\1e781556-457e-437d-834b-3b87b89e371a.jpg
acura tlx 2014,https://www.japanbullet.com/images/2014/11/2014semaautoshow2014acuratlxupgal.jpg,D://datasets/cars/classifications\test\8116b896-a4f2-47d1-ac6c-6a39d4575d86.jpg
acura tlx 2014,https://avtovikyp.by/images/com_adsmanager/contents/image_8432_4.jpg,D://datasets/cars/classifications\test\7067fd7c-6e6f-407f-8639-bf2eb1110831.jpg
acura tlx 2014,https://pbs.twimg.com/media/CBidFsWWoAAUesd.jpg,D://datasets/cars/classifications\test\9aae68ec-1b25-4e78-a79f-468f925ff80e.jpg
acura tlx 2014,https://cs4.pikabu.ru/post_img/big/2014/03/14/6/1394785841_1182445545.jpg,D://datasets/cars/classifications\test\27695f8f-57a9-482a-b8a2-bcd84389998b.jpg
acura tlx 2014,https://www.acura.ca/Content/hondanews.ca/800f84e5-58dc-45db-baf1-b392cd8d5f78/PressRelease/CIAS14_AcuraTLX.jpg,D://datasets/cars/classifications\test\26ae0b21-bcb5-4e16-bd99-9a837520a67d.jpg
acura tlx 2014,https://s1.cdn.autoevolution.com/images/gallery/acura-tlx-2015-5368_117.jpg,D://datasets/cars/classifications\test\7c3aa61f-a5c4-46b3-b620-cb0daf4caa32.jpg
acura tlx 2014,https://a.d-cd.net/2ff44a4s-960.jpg,D://datasets/cars/classifications\test\a3336c64-5e17-45cc-910c-91ab2631f85e.jpg
acura tlx 2014,https://i.pinimg.com/originals/80/78/9b/80789b48e2077c2fc4209746ffdb5a4a.png,D://datasets/cars/classifications\test\0bd42723-9df7-44e2-a95a-c1aeb18ed076.jpg
acura tlx 2014,https://auto.vercity.ru/img/magazine/old/10708.jpg,D://datasets/cars/classifications\test\80c4e334-dbb9-4baf-ac18-a7d44dc83a72.jpg
acura tlx 2014,https://car4play.ru/uploads/gallery/Og3BschBg2PT.jpg,D://datasets/cars/classifications\test\89042482-d83a-444c-b16c-82d5d9b4e274.jpg
acura tlx 2014,https://www.carpixel.net/w/9f812c98c00e3cf18e571de2c630ea86/acura-tlx-car-wallpaper-63024.jpg,D://datasets/cars/classifications\test\c48ce0ec-248b-4139-9f15-66ddcc1e2474.jpg
acura tlx 2014,https://i.pinimg.com/originals/2b/0a/49/2b0a49ebbf3008ec687fd06aac38d92b.jpg,D://datasets/cars/classifications\test\24cf2980-895b-48cb-a912-79457b35761a.jpg
acura tlx 2014,https://avatars.mds.yandex.net/get-autoru-vos/2171140/d9b32132274507397e3d88661ad48be2/1200x900n,D://datasets/cars/classifications\test\bc0c2b6b-561d-4326-b7a0-d688cfa4f1e3.jpg
